Workbook

Sheet Roadmap
B2: MLOps Project Timeline — AI-Based Accessibility Assistant (JEE Tutor)
B3: Theme 28 | SDG 4 & 10 | AI252TA — Machine Learning Operations | Semester V
B5: Duration: 10 weeks | Start: 21/09/2026 (Monday) | End: 29/11/2026 (Sunday)
B7: Phase 1 — Development & Reproducibility (Weeks 1-4: 21/09 - 18/10)
B8: Weeks 1-2 are corpus work: acquire and document NCERT/PYQ sources, clean and language-tag, and get Git + DVC standing before any data is touched so versioning isn't retrofitted. Week 3 is the experimentation setup — chunking strategies, the synthetic query set that becomes your evaluation ground truth, MLflow conventions. Week 4 is the core ML comparison across multilingual embedding models, the optional intent classifier, and the first working RAG harness.
B10: Phase 2 — Productionization & Deployment (Weeks 5-7: 19/10 - 08/11)
B11: Registry and FastAPI service come first so there's something to test against. Testing and risk checks run in parallel with Dockerization through Week 6. Week 7 is CI/CD and getting a live endpoint with a smoke test — deploy by 08/11 so Phase 3 has a real service to observe.
B13: Phase 3 — Monitoring, Feedback & Governance (Weeks 8-10: 09/11 - 29/11)
B14: Logging and Evidently first, dashboard next, then the deliberate drift experiment in Week 9 with enough runway to complete the detect → retrain → compare → redeploy loop by Week 10. The model card runs alongside from Week 9 since its content comes out of Phase 2's risk checks and Phase 3's per-language metrics.
B16: Critical path
B17: dataset → chunks → embedding experiments → registered model → deployed API → drift experiment. Anything that slips before 18/10 compresses the drift demo, which is your highest-visibility deliverable.
B19: Notes
B20: Two things worth deciding now: the schedule has no built-in slack, so if you want an 8-week version cut the intent classifier and one of the two vector stores rather than shortening Phase 3. And build the baseline traffic window (14/11 - 18/11) with clean data before injecting drift — Evidently needs an uncontaminated reference distribution or the detection story won't be convincing to the evaluators.

Sheet Timeline
A1: Task | B1: Phase | C1: Start Date | D1: End Date | E1: Duration (days) | F1: Week | G1: Assigned to
A2: Dataset acquisition, provenance & ethics/approval note | B2: Phase 1 — Development & Reproducibility | C2: 46286 | D2: 46292 | E2: =D2-C2+1 -> 7 | F2: ="W"&ROUNDUP((C2-DATE(2026,9,21)+1)/7,0) -> W1 | G2: Shrey, Shreesha
A3: Git repo scaffold, project structure, README, DVC init | B3: Phase 1 — Development & Reproducibility | C3: 46286 | D3: 46290 | E3: =D3-C3+1 -> 5 | F3: ="W"&ROUNDUP((C3-DATE(2026,9,21)+1)/7,0) -> W1 | G3: Shraddha
A4: Data cleaning, language tagging & exploratory analysis | B4: Phase 1 — Development & Reproducibility | C4: 46291 | D4: 46299 | E4: =D4-C4+1 -> 9 | F4: ="W"&ROUNDUP((C4-DATE(2026,9,21)+1)/7,0) -> W1 | G4: Shraddha, Shreyank
A5: Chunking strategy experiments + metadata enrichment (LaTeX/MathML) | B5: Phase 1 — Development & Reproducibility | C5: 46297 | D5: 46303 | E5: =D5-C5+1 -> 7 | F5: ="W"&ROUNDUP((C5-DATE(2026,9,21)+1)/7,0) -> W2 | G5: ALL
A6: Synthetic evaluation query set (query → gold chunk pairs) | B6: Phase 1 — Development & Reproducibility | C6: 46300 | D6: 46304 | E6: =D6-C6+1 -> 5 | F6: ="W"&ROUNDUP((C6-DATE(2026,9,21)+1)/7,0) -> W3 | G6: Shraddha
A7: DVC tracking of raw corpus, processed chunks and indexes | B7: Phase 1 — Development & Reproducibility | C7: 46300 | D7: 46303 | E7: =D7-C7+1 -> 4 | F7: ="W"&ROUNDUP((C7-DATE(2026,9,21)+1)/7,0) -> W3 | G7: Shreesha
A8: MLflow setup + experiment logging conventions | B8: Phase 1 — Development & Reproducibility | C8: 46300 | D8: 46302 | E8: =D8-C8+1 -> 3 | F8: ="W"&ROUNDUP((C8-DATE(2026,9,21)+1)/7,0) -> W3 | G8: Shreyank
A9: Baseline multilingual embedding experiments (BGE-M3, E5, Qwen3, Granite) | B9: Phase 1 — Development & Reproducibility | C9: 46303 | D9: 46310 | E9: =D9-C9+1 -> 8 | F9: ="W"&ROUNDUP((C9-DATE(2026,9,21)+1)/7,0) -> W3 | G9: Shrey
A10: Vector store setup + retrieval evaluation (Recall@k, MRR, nDCG, latency) | B10: Phase 1 — Development & Reproducibility | C10: 46307 | D10: 46311 | E10: =D10-C10+1 -> 5 | F10: ="W"&ROUNDUP((C10-DATE(2026,9,21)+1)/7,0) -> W4 | G10: Shrey
A11: Intent / complexity classifier training (optional artifact) | B11: Phase 1 — Development & Reproducibility | C11: 46307 | D11: 46311 | E11: =D11-C11+1 -> 5 | F11: ="W"&ROUNDUP((C11-DATE(2026,9,21)+1)/7,0) -> W4 | G11: Shreesha
A12: End-to-end RAG tutor harness (retrieve → mother-tongue generation) | B12: Phase 1 — Development & Reproducibility | C12: 46308 | D12: 46312 | E12: =D12-C12+1 -> 5 | F12: ="W"&ROUNDUP((C12-DATE(2026,9,21)+1)/7,0) -> W4 | G12: Shraddha
A13: Phase-1 evaluation report + baseline model selection sign-off | B13: Phase 1 — Development & Reproducibility | C13: 46311 | D13: 46313 | E13: =D13-C13+1 -> 3 | F13: ="W"&ROUNDUP((C13-DATE(2026,9,21)+1)/7,0) -> W4 | G13: Shreyank
... A32: Demo rehearsal + live/recorded demonstration | B32: Phase 3 — Monitoring, Feedback & Governance | C32: 46352 | D32: 46355 | E32: =D32-C32+1 -> 4 | F32: ="W"&ROUNDUP((C32-DATE(2026,9,21)+1)/7,0) -> W10 | G32: ALL
A34: Duration and Week are formulas. Week counts 7-day blocks from the project start date of 21/09/2026, which the user specified. Dates are inclusive of both endpoints and include weekends.

Sheet Phase Summary
A1: Phase | B1: Weeks | C1: Start Date | D1: End Date | E1: Tasks | F1: Total Task-Days
A2: Phase 1 — Development & Reproducibility | B2: Weeks 1-4 | C2: 46286 | D2: 46313 | E2: =COUNTIF(Timeline!$B$2:$B$32,A2) -> 12 | F2: =SUMIF(Timeline!$B$2:$B$32,A2,Timeline!$E$2:$E$32) -> 66
A3: Phase 2 — Productionization & Deployment | B3: Weeks 5-7 | C3: 46314 | D3: 46334 | E3: =COUNTIF(Timeline!$B$2:$B$32,A3) -> 8 | F3: =SUMIF(Timeline!$B$2:$B$32,A3,Timeline!$E$2:$E$32) -> 50
A4: Phase 3 — Monitoring, Feedback & Governance | B4: Weeks 8-10 | C4: 46335 | D4: 46355 | E4: =COUNTIF(Timeline!$B$2:$B$32,A4) -> 11 | F4: =SUMIF(Timeline!$B$2:$B$32,A4,Timeline!$E$2:$E$32) -> 54
A5: Total | E5: =SUM(E2:E4) -> 31 | F5: =SUM(F2:F4) -> 170
A7: Task-days count calendar days per task and overlap across parallel tasks, so the total exceeds the 70-day project span.
